run;pid;trial;condition;date;practice;droneId;t;x;y;z;reason
BBAA_t3_Swarm_20261001_160353;BBAA;3;Swarm;20261001;False;4;255.8089;285.2306;4.7426;151.4015;
BBAA_t3_Swarm_20261001_160353;BBAA;3;Swarm;20261001;False;6;255.8089;285.3329;4.7797;152.0309;
BBCC_t1_Swarm_20261001_170217;BBCC;1;Swarm;20261001;False;0;166.6072;-106.119;25.4707;174.1774;
BBCC_t1_Swarm_20261001_170217;BBCC;1;Swarm;20261001;False;1;380.4182;6.416;23.5471;147.2864;
BBCC_t1_Swarm_20261001_170217;BBCC;1;Swarm;20261001;False;2;380.4182;5.9352;23.5849;147.5921;
BBCC_t1_Swarm_20261001_170217;BBCC;1;Swarm;20261001;False;3;166.6072;-105.4377;25.4216;174.2841;
BBCC_t2_Swarm_20261001_171144;BBCC;2;Swarm;20261001;False;1;215.9076;189.4718;17.7496;328.708;
BBCC_t2_Swarm_20261001_171144;BBCC;2;Swarm;20261001;False;6;194.6082;58.3688;17.7942;314.3086;
BBCC_t2_Swarm_20261001_171144;BBCC;2;Swarm;20261001;False;7;194.6082;58.708;17.775;314.8338;
BBCC_t2_Swarm_20261001_171144;BBCC;2;Swarm;20261001;False;8;215.9076;188.8615;17.7675;328.5684;
