run;pid;trial;condition;date;practice;goalIndex;hat;visitOrder;answeredHat;outcome;decisionTimeSec;identifySource;minDistToTileM;near0Sec;near10Sec;near15Sec;near20Sec;near30Sec;near40Sec;reached;zoneOrder;transitSec;searchSec;firstSightSec;inViewSec;nEpisodes;episodeSec;longestStartSec;longestEndSec;longestSec;hatMinDistM;meanDronesInView;levelCamPct;occludedSec;episodes
BBAA_t1_SingleDrone_20261001_153231;BBAA;1;SingleDrone;20261001;False;0;Cap;-1;;;377.7477111816406;rc;0.0;67.7;70.9;72.4;74.0;77.7;82.0;True;2;169.0;72.4;372.5;7.1;1;7.1;372.5;379.6;7.1;10.8;1.0;100;3.3;373-380 (7s)
BBAA_t1_SingleDrone_20261001_153231;BBAA;1;SingleDrone;20261001;False;1;Bucket;-1;;;136.74708557128906;rc;0.0;124.0;126.8;128.2;129.7;132.4;135.2;True;1;31.9;128.2;31.9;19.6;5;23.5;132.0;142.5;10.5;8.7;1.0;100;2.8;32-35 (3s) | 44-45 (1s) | 56-62 (2s) | 117-120 (3s) | 132-143 (11s)
BBAA_t1_SingleDrone_20261001_153231;BBAA;1;SingleDrone;20261001;False;2;Cowboy;-1;;;469.84033203125;rc;0.0;46.4;47.8;48.5;49.1;50.6;52.0;True;3;30.0;48.5;454.7;9.3;2;12.6;468.0;480.0;12.0;11.1;1.0;100;4.7;455-455 (1s) | 468-480 (9s)
BBAA_t2_SingleDrone_20261001_154919;BBAA;2;SingleDrone;20261001;False;0;Bucket;-1;;;581.4448852539062;rc;0.0;58.8;64.6;65.8;66.6;68.1;69.5;True;3;3.4;65.8;523.0;14.5;3;20.4;568.9;586.0;17.1;9.5;1.0;81;1.0;523-524 (1s) | 538-540 (3s) | 569-586 (11s)
BBAA_t2_SingleDrone_20261001_154919;BBAA;2;SingleDrone;20261001;False;1;Cap;-1;;;256.5929260253906;rc;0.0;68.1;72.2;73.8;75.5;79.4;82.9;True;1;199.0;73.8;232.5;6.3;2;6.3;251.9;258.0;6.1;15.7;1.0;100;1.7;233-233 (0s) | 252-258 (6s)
BBAA_t2_SingleDrone_20261001_154919;BBAA;2;SingleDrone;20261001;False;2;Cowboy;-1;;;433.69256591796875;rc;0.0;82.3;90.0;93.7;97.8;106.7;115.1;True;2;119.5;124.4;409.8;11.4;3;15.2;421.3;435.1;13.8;7.1;1.0;89;1.9;410-410 (0s) | 421-435 (10s) | 494-495 (1s)
BBAA_t3_Swarm_20261001_160353;BBAA;3;Swarm;20261001;False;0;Cowboy;-1;;;288.469482421875;rc;0.0;42.0;43.4;44.1;44.7;46.0;47.4;True;3;59.7;44.1;259.7;26.1;2;29.1;267.7;293.9;26.2;15.1;1.6;100;0.7;260-263 (3s) | 268-294 (23s)
BBAA_t3_Swarm_20261001_160353;BBAA;3;Swarm;20261001;False;1;Bucket;-1;;;110.31159210205078;rc;0.0;27.5;30.8;33.2;35.7;39.6;43.2;True;1;93.0;33.2;99.7;19.9;1;22.2;99.7;121.9;22.2;11.2;1.7;55;2.6;100-122 (20s)
BBAA_t3_Swarm_20261001_160353;BBAA;3;Swarm;20261001;False;2;Cap;-1;;;164.37191772460938;rc;0.0;38.5;41.8;43.4;44.9;47.8;50.5;True;2;20.5;43.4;148.6;26.8;1;31.0;148.6;179.6;31.0;3.6;1.3;56;1.5;149-180 (27s)
BBAA_t4_Swarm_20261001_161344;BBAA;4;Swarm;20261001;False;0;Bucket;-1;;;319.2259216308594;rc;0.0;51.2;52.6;53.5;54.4;56.1;58.3;True;3;90.4;53.5;267.9;40.2;2;46.7;267.9;294.8;26.9;8.2;1.5;82;5.3;268-295 (23s) | 303-323 (18s)
BBAA_t4_Swarm_20261001_161344;BBAA;4;Swarm;20261001;False;1;Cap;-1;;;161.17156982421875;rc;0.0;22.7;26.0;27.9;29.9;33.7;36.9;True;2;36.0;27.9;154.3;11.2;1;13.6;154.3;167.9;13.6;7.9;1.3;77;1.6;154-168 (11s)
BBAA_t4_Swarm_20261001_161344;BBAA;4;Swarm;20261001;False;2;Cowboy;-1;;;99.88629913330078;rc;0.0;34.4;38.0;39.5;41.2;44.9;47.9;True;1;75.3;39.5;81.8;27.2;2;28.9;81.8;109.1;27.3;11.8;2.7;74;1.7;82-109 (26s) | 114-116 (2s)
BBCC_t1_Swarm_20261001_170217;BBCC;1;Swarm;20261001;False;0;Bucket;-1;;;125.0784912109375;rc;0.0;69.0;71.9;73.3;74.7;77.5;80.2;True;1;67.0;73.3;66.6;57.6;1;66.7;66.6;133.3;66.7;15.2;1.3;1;8.8;67-133 (58s)
BBCC_t1_Swarm_20261001_170217;BBCC;1;Swarm;20261001;False;1;Cap;-1;;;344.8184509277344;rc;0.0;213.6;216.7;218.5;220.0;222.7;225.6;True;2;15.1;218.5;167.3;122.5;5;155.3;286.2;359.5;73.3;9.5;1.3;48;16.4;167-202 (29s) | 229-233 (5s) | 242-277 (31s) | 286-360 (51s) | 365-373 (7s)
BBCC_t1_Swarm_20261001_170217;BBCC;1;Swarm;20261001;False;2;Cowboy;-1;;;398.6717529296875;rc;0.0;26.5;27.9;28.6;29.3;30.6;32.1;True;3;2.1;28.6;396.7;7.9;1;7.9;396.7;404.6;7.9;19.0;1.7;0;0.0;397-405 (8s)
BBCC_t2_Swarm_20261001_171144;BBCC;2;Swarm;20261001;False;0;Cowboy;-1;;;248.68019104003906;rc;0.0;56.6;59.7;61.3;62.7;65.6;68.3;True;2;8.5;61.3;212.7;42.8;1;51.9;212.7;264.6;51.9;18.1;1.1;35;8.6;213-265 (43s)
BBCC_t2_Swarm_20261001_171144;BBCC;2;Swarm;20261001;False;1;Bucket;-1;;;404.3273010253906;rc;0.0;68.3;69.7;70.4;71.1;72.5;74.2;True;3;65.2;70.4;339.3;53.1;2;61.3;339.3;379.4;40.1;12.3;1.1;9;8.4;339-379 (34s) | 388-409 (20s)
BBCC_t2_Swarm_20261001_171144;BBCC;2;Swarm;20261001;False;2;Cap;-1;;;183.6787872314453;rc;0.0;102.9;106.0;107.4;108.8;111.5;114.6;True;1;96.0;107.4;113.9;72.3;2;83.2;113.9;195.9;82.0;10.2;1.1;0;8.3;114-196 (71s) | 206-207 (1s)
BBCC_t3_SingleDrone_20261001_172059;BBCC;3;SingleDrone;20261001;False;0;Cowboy;-1;;;372.6387634277344;rc;0.0;10.9;12.7;13.6;14.5;15.9;17.3;True;3;127.3;13.6;372.2;2.5;1;2.5;372.2;374.7;2.5;36.9;1.0;100;0.0;372-375 (3s)
BBCC_t3_SingleDrone_20261001_172059;BBCC;3;SingleDrone;20261001;False;1;Bucket;-1;;;104.23992156982422;rc;0.0;79.0;81.9;83.2;84.6;87.6;91.0;True;1;42.9;83.2;42.4;12.5;2;16.4;94.0;107.5;13.5;10.1;1.0;75;3.0;42-45 (3s) | 94-108 (10s)
BBCC_t3_SingleDrone_20261001_172059;BBCC;3;SingleDrone;20261001;False;2;Cap;-1;;;213.40110778808594;rc;0.0;46.4;51.0;53.0;54.8;58.2;63.8;True;2;56.8;53.0;203.4;12.7;1;14.8;203.4;218.2;14.8;10.6;1.0;80;2.1;203-218 (13s)
BBCC_t4_SingleDrone_20261001_173145;BBCC;4;SingleDrone;20261001;False;0;Cowboy;-1;;;115.31674194335938;rc;0.0;61.7;64.4;65.7;67.0;69.8;72.5;True;2;27.3;65.7;105.6;7.1;2;7.1;111.9;118.4;6.5;14.7;1.0;72;1.4;106-106 (1s) | 112-118 (7s)
BBCC_t4_SingleDrone_20261001_173145;BBCC;4;SingleDrone;20261001;False;1;Cap;-1;;;29.26662254333496;rc;0.0;20.4;23.2;24.7;26.7;31.9;35.3;True;1;22.2;24.7;22.3;6.8;2;10.1;22.3;30.0;7.7;15.2;1.0;31;3.3;22-30 (4s) | 37-40 (2s)
BBCC_t4_SingleDrone_20261001_173145;BBCC;4;SingleDrone;20261001;False;2;Bucket;-1;;;193.91989135742188;rc;0.0;34.2;35.5;36.3;37.0;38.3;40.0;True;3;22.5;36.3;190.5;6.5;1;6.5;190.5;197.0;6.5;19.0;1.0;78;0.4;191-197 (7s)
