run;pid;trial;condition;date;practice;leg;phase;hat;dur_s;adjustments;adj_pitch;adj_roll;adj_yaw;adj_throttle;adj_per_min;mean_hold_s;stick_tv_per_min;yaw_duty;lat_duty;cmd_len_m;cmd_disp_m;cmd_straightness;course_turn_deg;course_turn_per_min;straight_m;act_len_m;adj_per_100m;cmd_path_ratio;act_path_ratio;spread;spread_adj;spread_tv;spacing;pitch;pitch_adj;pitch_tv;pitch_down_s;street_frac;long_frac;long_pref;block_low_frac;block_roof_frac;diamond_frac;drone_street_frac;city_m;outside_m
BBAA_t1_SingleDrone_20261001_153231;BBAA;1;SingleDrone;20261001;False;1;transit;Bucket;31.9009;8;1;1;7;0;15.04659743142043;3.9876125;28.20296606051867;0.13225332200658924;0.24093677607841785;113.11691988976413;111.53440305857922;0.9860099016775994;58.73818381112639;110.47622570734943;76.61850271821258;81.45858570902419;10.441342125181418;1.4763655758947076;1.0631712030266691;1.0;0;0.0;;-5.947200550139494;2;51.9075;0.0;;;;;;;;0.0;81.4585857090242
BBAA_t1_SingleDrone_20261001_153231;BBAA;1;SingleDrone;20261001;False;1;search;Bucket;128.2063;52;17;1;44;5;24.335777570993002;2.465505769230769;71.2588538940754;0.27086110432950583;0.06180585509448482;777.3337134580206;228.5788935503218;0.29405503658586146;1271.4989875804206;595.0560873749982;;;;;;1.0;0;0.0;;-2.7525;0;0.0;0.0;0.14577071851722004;1.0;1.7700287473140135;0.8542292814827799;0.0;0.0;0.14577071851722004;334.0777106387724;16.593677295280063
BBAA_t1_SingleDrone_20261001_153231;BBAA;1;SingleDrone;20261001;False;2;transit;Cap;169.01140000000004;53;4;10;47;7;18.815298849663392;3.1888943396226423;46.01171281937193;0.19005759374811237;0.4036177441285029;1571.904459071627;734.0820429220113;0.46700169255551516;1630.5147996131004;578.8419478022548;526.2803818501135;1164.7230728328864;10.070677499640219;2.986819408972974;2.213122725073578;1.0;0;0.0;;-2.7525;0;0.0;0.0;0.5647503081150983;0.6903926835687557;1.2220148968519648;0.15874769933007488;0.0;0.2765019925548268;0.5647503081150983;1164.7230728328861;0.0
BBAA_t1_SingleDrone_20261001_153231;BBAA;1;SingleDrone;20261001;False;2;search;Cap;72.40770000000003;27;8;2;26;6;22.373311125750426;2.6817666666666677;103.06398352661384;0.34357257584483625;0.37704139200665193;480.6201988242441;172.70735794631378;0.35934269589337503;1051.7566939509427;871.5288793464856;;;;;;1.0;0;0.0;;-2.7524999999999995;0;0.0;0.0;0.3678340621839187;0.32546513406210087;0.5760826435383279;0.6321659378160813;0.0;0.0;0.3678340621839187;234.89765658135758;0.0
BBAA_t1_SingleDrone_20261001_153231;BBAA;1;SingleDrone;20261001;False;3;transit;Cowboy;30.001299999999958;14;0;1;12;5;27.998786719242204;2.142949999999997;76.86886901567611;0.1958115148343589;1.0;279.3121029999996;262.51835170914535;0.9398746022443064;179.51611432918924;359.01667126929067;159.96721591186522;181.9795884070992;8.75179324725722;1.7460584120804357;1.137605523542785;1.0;0;0.0;;-2.7525;0;0.0;0.0;0.9378965431384135;0.29312731922091867;0.5188437816441176;0.062103456861586394;0.0;0.0;0.9378965431384135;181.97958840709924;0.0
BBAA_t1_SingleDrone_20261001_153231;BBAA;1;SingleDrone;20261001;False;3;search;Cowboy;48.61240000000004;15;6;5;11;5;18.513794834239807;3.240826666666669;89.16811348544807;0.27824587965210534;0.3636911569887522;271.7629665241358;162.23556471395497;0.5969745134480879;674.9041053237397;833.0024092499929;;;;;;1.0;0;0.0;;-2.7525;0;0.0;0.0;0.2655877213226931;1.0;1.7700287473140135;0.734412278677307;0.0;0.0;0.2655877213226931;118.64485920186564;0.0
BBAA_t2_SingleDrone_20261001_154919;BBAA;2;SingleDrone;20261001;False;1;transit;Cap;199.01239999999999;68;1;2;60;15;20.50123509891846;2.9266529411764703;45.12665542448611;0.16134271030347813;0.8002797815613499;1668.6287654833816;1055.9669227486816;0.632835142598528;1219.9857439991033;367.8119787508025;747.09056693157;1249.4589075494132;9.101975451154168;2.233502655958739;1.6724329858442153;1.0;0;0.0;;-13.55439247599269;4;132.58499999999998;0.39250000000000185;0.5350876811128763;0.6179952509753095;1.0938693599298366;0.1890177477201683;0.0;0.2758945711669553;0.5350876811128763;1120.2862141704638;129.17269337894996
BBAA_t2_SingleDrone_20261001_154919;BBAA;2;SingleDrone;20261001;False;1;search;Cap;73.80050000000003;24;9;6;23;6;19.51206292640293;3.0750208333333346;93.12741783592249;0.3233623078434433;0.425384651865502;452.9649967034562;205.6551131446402;0.4540198793313758;1179.657787389877;959.0648741321887;;;;;;1.0;0;0.0;;-14.235;0;0.0;0.0;0.4230971211848121;0.39623919790202344;0.7013547710992281;0.5201571400109829;0.0;0.05674573880420497;0.4230971211848121;221.2487450039171;0.0
BBAA_t2_SingleDrone_20261001_154919;BBAA;2;SingleDrone;20261001;False;2;transit;Cowboy;119.50459999999998;38;0;0;36;2;19.078763495296418;3.1448578947368415;50.10906693131478;0.18593928601911697;0.2878567017503928;1112.5231327651;668.713813903029;0.6010785701516036;887.3964324280822;445.53754370697817;438.08845431226825;823.4609184978021;8.674047358690194;2.539494300327067;1.8796681592317004;1.0;0;0.0;;-14.235000000000001;0;0.0;0.0;0.5422424195510932;0.5552498175324722;0.9828081389733363;0.35488156888016503;0.0;0.10287601156874186;0.5422424195510932;823.460918497802;0.0
BBAA_t2_SingleDrone_20261001_154919;BBAA;2;SingleDrone;20261001;False;2;search;Cowboy;124.40550000000013;38;5;6;36;16;18.327163991945675;3.2738289473684246;90.82966589097741;0.37810145049857063;0.5465457716901589;1009.8749723159185;35.66486613861595;0.03531612042709276;1826.683298572144;880.9980098494723;;;;;;1.0;0;0.0;;-14.235;0;0.0;0.0;0.32561848829935913;0.39982647190178316;0.707704349203295;0.31255948796809363;0.0;0.36182202373254724;0.32561848829935913;616.2691832272601;0.0
BBAA_t2_SingleDrone_20261001_154919;BBAA;2;SingleDrone;20261001;False;3;transit;Bucket;3.3967999999999847;1;0;0;0;1;17.663683466792357;3.3967999999999847;26.629769194536152;0.09014366462552732;1.0;31.62420799999986;31.599360918592467;0.9992143018599108;9.923288732884345;175.28183112725605;22.369383943217457;25.721941656211133;4.470395798732787;1.413727265814512;1.1498725991517613;1.0;0;0.0;;-14.234999999999998;0;0.0;0.0;0.5675864799857301;1.0;1.7700287473140135;0.43241352001426997;0.0;0.0;0.5675864799857301;25.72194165621113;0.0
BBAA_t2_SingleDrone_20261001_154919;BBAA;2;SingleDrone;20261001;False;3;search;Bucket;65.86900000000003;20;10;7;17;8;18.217978108062965;3.2934500000000013;91.51154564362595;0.259946256964572;0.15788307094384418;371.14010744113403;130.08196391863618;0.3504928767076684;705.8264694136847;642.9365583934941;;;;;;1.0;0;0.0;;-26.223391959798995;1;16.02;49.177400000000034;0.48848956653893344;0.4113734008702538;0.7281427454206809;0.5115104334610665;0.0;0.0;0.48848956653893344;211.5757774571137;0.0
BBAA_t3_Swarm_20261001_160353;BBAA;3;Swarm;20261001;False;1;transit;Bucket;93.0085;30;3;1;24;7;19.35306988070983;3.100283333333333;38.827935081202256;0.14685431976647265;0.008676626329851557;553.5820743793709;488.65602088848294;0.8827164814473492;401.057616178328;258.72320240300274;351.9139928401745;397.16599675583524;8.524810212256838;1.5730607069971954;1.128588248368437;1.0;0;0.0;4.426923888279016;-14.641380674725582;1;15.0;0.0;0.5861573244737484;0.5069981348237129;0.8974012734725579;0.15356655395253818;0.0;0.2602761215737135;0.616254553485855;293.9829450023547;103.18305175348043
BBAA_t3_Swarm_20261001_160353;BBAA;3;Swarm;20261001;False;1;search;Bucket;33.1927;11;2;1;10;3;19.883890132468885;3.017518181818182;89.27649754313448;0.3175306618623965;0.4577090745856769;284.75943319350745;238.04816865044813;0.8359623629700204;515.2412830278702;931.3637330398614;;;;;;1.0;0;0.0;4.351744914092969;-15.000000000000002;0;0.0;0.0;0.49924433042545985;0.9889391952758503;1.7504508049838419;0.5007556695745403;0.0;0.0;0.45333921036491176;140.78396202561004;0.0
BBAA_t3_Swarm_20261001_160353;BBAA;3;Swarm;20261001;False;2;transit;Cap;20.49269999999997;6;0;0;4;2;17.567231257960174;3.415449999999995;35.65386698678071;0.0683902072445324;1.0;190.78703699999977;187.94428059843196;0.9850998451138595;86.36002401018285;252.85108553831262;121.89242278680126;128.14912178340273;4.922373239306628;1.5652083422256706;1.0513296795121128;1.0;0;0.0;5.460240384455964;-15.0;0;0.0;0.0;0.4434847285772962;0.4355307953069303;0.7709020280338019;0.5565152714227037;0.0;0.0;0.4499150432016857;128.14912178340276;0.0
BBAA_t3_Swarm_20261001_160353;BBAA;3;Swarm;20261001;False;2;search;Cap;43.394499999999994;18;3;1;16;10;24.887946629181123;2.410805555555555;83.83325075758451;0.30204749449815216;0.3913998317759177;314.3363509476486;178.69731636542917;0.5684907769231897;621.6266825914408;859.5006499783718;;;;;;1.0;0;0.0;4.4617460122459045;-15.0;0;0.0;0.0;0.4810546063093084;0.7942585215380709;1.405860415921512;0.5189453936906915;0.0;0.0;0.5691288324766546;166.71549941635112;0.0
BBAA_t3_Swarm_20261001_160353;BBAA;3;Swarm;20261001;False;3;transit;Cowboy;59.697400000000016;19;0;0;15;9;19.096309051985507;3.1419684210526326;70.09863076113866;0.15916773594830122;0.6597004224639591;555.7827940000002;523.8688670086085;0.9425784185190309;946.442566246483;951.2399865787951;336.81462379332584;361.1786676193831;5.64108523139977;1.6501147953155273;1.0723366567391306;1.0;0;0.0;5.4853133936707685;-15.0;0;0.0;0.0;0.5754829496659019;0.5272603013577841;0.933265890720728;0.4245170503340981;0.0;0.0;0.567046492608693;361.1786676193832;0.0
BBAA_t3_Swarm_20261001_160353;BBAA;3;Swarm;20261001;False;3;search;Cowboy;44.20490000000001;8;5;2;7;5;10.858524733683367;5.525612500000001;107.29715484030046;0.36784383631678913;0.14261088702835992;238.43521967393644;101.82785076985442;0.4270671543788936;947.092032401774;1285.502782363639;;;;;;1.0;0;0.0;4.6723836559212755;-15.000000000000002;0;0.0;0.0;0.1987281845369337;1.0;1.7700287473140135;0.0;0.0;0.8012718154630664;0.22115636769458996;111.75374340079401;0.0
BBAA_t4_Swarm_20261001_161344;BBAA;4;Swarm;20261001;False;1;transit;Cowboy;75.3014;32;1;3;24;14;25.497533910392104;2.35316875;52.63344373411385;0.1307279811530729;0.04841211451579907;559.968734448589;542.1197749752199;0.9681250784636302;502.8273058228367;400.6517587902775;370.8214097019109;389.56004471539336;8.629490952457026;1.510076602369659;1.0505327754094504;1.0;0;0.0;5.066279426013328;-14.040754886363336;1;15.0;0.0;0.3173278525117859;0.4978368780226501;0.8811855855731507;0.0;0.0;0.682672147488214;0.3121724177373197;268.6247830860469;120.93526162934644
BBAA_t4_Swarm_20261001_161344;BBAA;4;Swarm;20261001;False;1;search;Cowboy;39.4962;16;6;3;13;8;24.306135780151;2.4685125;93.81697479757547;0.28565026508879443;0.3997498493525956;305.51673084572957;194.4882936443941;0.6365880294215404;561.0583182974859;852.322479070117;;;;;;1.0;0;0.0;4.631089342876949;-14.999999999999998;0;0.0;0.0;0.5243126142648917;0.5604841484794378;0.992073055222421;0.4756873857351084;0.0;0.0;0.503004442669089;154.0766509850083;0.0
BBAA_t4_Swarm_20261001_161344;BBAA;4;Swarm;20261001;False;2;transit;Cap;35.98349999999999;13;0;0;11;7;21.67660177581392;2.7679615384615377;55.69252574096462;0.1397307099087052;1.0;335.0063849999999;327.481876470235;0.9775392086041438;235.07108852009702;391.964798065942;242.14534595214843;252.76752423210473;5.368676382724694;1.3834929747780584;1.0438669520497637;1.0;0;0.0;4.127576673956721;-15.0;0;0.0;0.0;0.6740356990633666;0.44352309625166686;0.7850486304631705;0.32596430093663353;0.0;0.0;0.667230016158645;212.95921043428422;39.80831379782048
BBAA_t4_Swarm_20261001_161344;BBAA;4;Swarm;20261001;False;2;search;Cap;27.913899999999984;10;2;4;7;6;21.49466753122997;2.7913899999999985;88.07826924937042;0.24123823614758577;0.731631910983417;233.6389397730829;182.08141857380392;0.7793282179359605;412.7516403560535;887.1959282423174;;;;;;1.0;0;0.0;4.241638885404534;-15.0;0;0.0;0.0;0.46069413685975447;0.2934966956022042;0.5194975884575719;0.5393058631402454;0.0;0.0;0.4408571373326885;108.90352422374383;15.571312641261779
BBAA_t4_Swarm_20261001_161344;BBAA;4;Swarm;20261001;False;3;transit;Bucket;90.4091;32;0;4;27;17;21.23680027784814;2.825284375;72.1565417640481;0.25301435364360375;0.9478072450671453;841.708721;739.0183747031479;0.8779977636742912;1078.2942349933403;715.6099784158943;448.51718491945326;550.1379584058327;7.1346207182109875;1.8766476498579598;1.2265705237239215;1.0;0;0.0;4.824866017834586;-15.0;0;0.0;0.0;0.2088688259553275;0.0;0.0;0.45644652740436276;0.0;0.3346846466403097;0.2502788578836931;550.1379584058329;0.0
BBAA_t4_Swarm_20261001_161344;BBAA;4;Swarm;20261001;False;3;search;Bucket;53.50049999999999;14;8;6;14;8;15.700787843104274;3.821464285714285;110.31687554321924;0.29093559873272123;0.5469444210801757;282.5465496231999;90.73231795691474;0.3211234328570428;840.3425311375315;942.4314140662592;;;;;;1.0;0;0.0;4.224652412102917;-14.999999999999998;0;0.0;0.0;0.1774108277481419;1.0;1.7700287473140135;0.7478077378723356;0.0;0.07478143437952263;0.25637176094281977;131.14114865328975;0.0
BBCC_t1_Swarm_20261001_170217;BBCC;1;Swarm;20261001;False;1;transit;Bucket;67.01010000000001;14;3;1;7;4;12.535423764477294;4.786435714285715;17.922253511037884;0.053811291133724584;0.0051678776781409405;310.6877785018001;230.18798886896127;0.7408981131442465;165.1238698624502;147.8498344540153;114.108659679699;235.79352799156942;12.269007487510372;2.722736200511821;2.066394686025037;0.6792371218497427;2;1.2023;3.080036478665998;-8.76788394040328;3;53.985;0.6961999999999975;0.9580465849068679;0.5469393087305919;0.9680982994892021;0.04195341509313201;0.0;0.0;0.933352460810981;141.9818935428614;93.81163444870798
BBCC_t1_Swarm_20261001_170217;BBCC;1;Swarm;20261001;False;1;search;Bucket;73.31210000000002;22;2;2;14;6;18.005213327677147;3.3323681818181825;36.70493683853006;0.13117616328000323;0.02885608242022819;237.76709876430021;88.22923317777413;0.3710741882973314;89.4807816311909;73.2327528180403;;;;;;1.0645739967890704;1;0.7936000000000001;4.513292699840818;-24.992650398092543;5;133.0875;36.21039999999999;0.4821332792787861;0.4703771919861734;0.8325811518963697;0.517866720721214;0.0;0.0;0.45971627101977913;134.17339684748168;0.0
BBCC_t1_Swarm_20261001_170217;BBCC;1;Swarm;20261001;False;2;transit;Cap;15.077200000000005;4;1;0;4;0;15.918074974133123;3.769300000000001;33.84978643249409;0.050864882073592174;0.006499880614436682;133.73950534979997;133.42003190671477;0.9976112260752752;55.379355172041045;220.38318191192408;106.59212617307652;109.55257857300293;3.7526223968035795;1.2546846577827289;1.0277736499515868;0.6465068578363433;2;1.3087;3.2825990437095074;-8.0475;0;0.0;0.0;0.7841755105935755;0.2641123373348807;0.4674864296030351;0.0;0.0;0.21582448940642449;0.7161580451984918;109.55257857300293;0.0
BBCC_t1_Swarm_20261001_170217;BBCC;1;Swarm;20261001;False;2;search;Cap;218.51670000000004;78;27;19;40;18;21.417127386602488;2.8014961538461542;43.948384722998284;0.13913673417180425;0.07538050867508028;503.2344103605004;222.52599293067246;0.44219152814145246;375.1956968942608;103.0206927601215;;;;;;0.8401029572527539;2;2.4000000000000004;4.8318544872481315;-26.141144977278657;2;62.9625;85.20170000000002;0.0;;;0.0;0.0;1.0;0.0;260.4148500173243;0.0
BBCC_t1_Swarm_20261001_170217;BBCC;1;Swarm;20261001;False;3;transit;Cowboy;2.101699999999994;1;0;0;0;1;28.54831802826292;2.101699999999994;28.54831802826292;0.0;0.0;19.566826999999947;19.56680911081443;0.9999990857390666;0.26679999999998927;7.61669124994024;15.085970147705083;15.966177388612621;6.628675452815493;1.2970214582438706;1.0583460813119425;0.4000000000000001;0;0.0;2.069848694287209;-20.820000000000004;0;0.0;0.0;0.0;;;0.0;0.0;1.0;0.0;15.966177388612623;0.0
BBCC_t1_Swarm_20261001_170217;BBCC;1;Swarm;20261001;False;3;search;Cowboy;28.59450000000004;15;8;0;1;13;31.474584273199348;1.9063000000000025;71.0880763783244;0.06233716274108545;0.007288114847262229;155.5031550485008;151.04042278502308;0.9713013394352944;26.87333352620098;56.38846671814707;;;;;;0.7528138582594558;1;1.2000000000000002;3.8532957834548625;-20.82;0;0.0;0.0;0.30836513136957955;1.0;1.7700287473140135;0.5825812860560251;0.0;0.10905358257439535;0.3217599815125905;76.0236730342546;0.0
BBCC_t2_Swarm_20261001_171144;BBCC;2;Swarm;20261001;False;1;transit;Cap;96.0119;31;1;7;15;15;19.372598604964594;3.0971580645161287;33.82530707131095;0.07613639559262964;0.036479853018219446;725.6552052617;671.7124099995425;0.9256633248531532;515.8760381805705;322.38256185779295;515.3741014253214;567.4800709463971;6.015048081435646;1.4080164355461866;1.1011031974190613;0.50892716125;2;0.9055;2.279355953229167;-14.981250000000001;1;15.0;0.0;0.6049443474090304;0.3988081769779567;0.7059019379148781;0.02175171111635063;0.0;0.37330394147461904;0.600013494351322;472.50324851008565;94.97682243631141
BBCC_t2_Swarm_20261001_171144;BBCC;2;Swarm;20261001;False;1;search;Cap;107.4051;39;5;3;25;11;21.786674934430486;2.753976923076923;38.639059039095905;0.1289510460862656;0.13519935273092262;284.4797994864;237.4671062917558;0.8347415412991681;185.89037704287992;103.8444414890242;;;;;;1.4302236054950634;1;2.0511000000000004;6.673928016907886;-36.613161853908785;3;99.435;59.697400000000016;0.440249117018866;1.0;1.7700287473140135;0.5597508829811341;0.0;0.0;0.4867257417622126;154.15517765491228;0.0
BBCC_t2_Swarm_20261001_171144;BBCC;2;Swarm;20261001;False;2;transit;Cowboy;8.507800000000003;4;0;0;4;0;28.2094078375138;2.126950000000001;31.39424998236911;0.11749218364324676;0.0;79.20761800000001;78.95956894904688;0.9968683687602734;33.501900000000035;236.26719010790114;60.48395095214843;60.92904839148825;6.613324587814344;1.309564219154015;1.007358934598898;0.4000000000000001;0;0.0;4.557317803871789;-24.315;0;0.0;0.0;1.0;0.0;0.0;0.0;0.0;0.0;0.998349850362648;60.92904839148826;0.0
BBCC_t2_Swarm_20261001_171144;BBCC;2;Swarm;20261001;False;2;search;Cowboy;61.297800000000024;26;6;5;13;9;25.449526736685485;2.357607692307693;42.414572790540596;0.10768575707447937;0.06085862787897779;243.76880328121996;194.90235567990302;0.7995377302445754;166.9284400308062;163.39422298758467;;;;;;1.1251603992958976;2;2.4000000000000004;8.386711446721664;-19.46813046613343;1;50.28000000000001;0.5006999999999948;0.41028795286620545;0.40408407639321337;0.7152404315478196;0.5351730792373072;0.0;0.05453896789648725;0.4050507930548493;131.5760004772721;0.0
BBCC_t2_Swarm_20261001_171144;BBCC;2;Swarm;20261001;False;3;transit;Bucket;65.20830000000001;11;0;0;9;2;10.121410924682898;5.928027272727274;14.890067675433954;0.05278775861355181;0.033949665916762004;607.089273;594.7927745375555;0.9797451560926451;149.82104429510574;137.8545776796258;470.3368067588311;481.9845223748307;2.33874956029974;1.290754336628581;1.0247646270685595;0.40162483916826036;0;0.018100000000000005;2.9072719917371974;-5.981645364288682;0;0.6375000000000002;0.0;0.6170431942209441;0.9232988887240017;1.6342655754045654;0.03462907277771317;0.0;0.34832773300134273;0.5998665695279665;481.9845223748303;0.0
BBCC_t2_Swarm_20261001_171144;BBCC;2;Swarm;20261001;False;3;search;Bucket;70.50390000000004;25;13;2;11;5;21.275418806619196;2.8201560000000017;50.17679873028297;0.10622249265643464;0.05399843129245398;218.9978219697407;127.45022478654076;0.5819702846366699;134.26987001179043;114.26590870444643;;;;;;0.4009505683365483;0;0.018100000000000005;3.2216577638148185;-17.546490699109267;0;15.810000000000002;0.0;0.3355291759016858;0.0;0.0;0.6644708240983142;0.0;0.0;0.282802250463525;105.94929204314431;0.0
BBCC_t3_SingleDrone_20261001_172059;BBCC;3;SingleDrone;20261001;False;1;transit;Bucket;42.9007;12;1;0;5;10;16.782942935663055;3.5750583333333332;56.38061849806647;0.09052532942352944;0.0;296.61599764300007;259.3640499051658;0.8744101867942072;90.2114;126.16773152885617;188.5791633667728;228.90153390980498;6.363375351634618;1.5728991069183156;1.2138219823608407;1.0;0;0.0;;-14.958042642660843;1;15.0;0.0;0.9505662250751162;1.0;1.7700287473140135;0.04943377492488388;0.0;0.0;0.9505662250751162;62.19991964253168;166.70161426727333
BBCC_t3_SingleDrone_20261001_172059;BBCC;3;SingleDrone;20261001;False;1;search;Bucket;83.1957;36;8;4;26;17;25.96288029309207;2.3109916666666668;63.17504390250938;0.22072895594363678;0.06861051713009217;445.1168008149593;188.24131340223025;0.422903186439113;501.5235349329219;361.6943194897731;;;;;;1.0;0;0.0;;-15.0;0;0.0;0.0;0.2625347003168375;0.48328343538853574;0.8554255737383829;0.7374652996831624;0.0;0.0;0.2625347003168375;257.3010943922957;0.0
BBCC_t3_SingleDrone_20261001_172059;BBCC;3;SingleDrone;20261001;False;2;transit;Cap;56.80149999999999;15;0;2;8;5;15.844651989824216;3.786766666666666;21.144159925354092;0.05854246806862518;0.026462329339894508;528.8178886164999;515.691097020061;0.9751771037269912;225.26766520952933;237.95251732034825;388.34354736952537;412.6512715146912;3.862559350246359;1.3617269868354662;1.062593351453413;1.0;0;0.0;;-15.000000000000002;0;0.0;0.0;0.6074874105501186;0.6761545951126777;1.196813070977907;0.18660117393074527;0.0;0.2059114155191362;0.6074874105501186;412.6512715146911;0.0
BBCC_t3_SingleDrone_20261001_172059;BBCC;3;SingleDrone;20261001;False;2;search;Cap;53.00059999999999;24;10;3;14;11;27.169503741467082;2.208358333333333;64.85202054316368;0.20909008577261534;0.43577808553110764;320.5033543973193;66.20276771642447;0.20655873583886022;428.87216147834147;485.51015816236975;;;;;;1.0;0;0.0;;-15.0;0;0.0;0.0;0.7072561427827689;0.4042942431817916;0.7156124328053337;0.29274385721723106;0.0;0.0;0.7072561427827689;215.9619024586058;0.0
BBCC_t3_SingleDrone_20261001_172059;BBCC;3;SingleDrone;20261001;False;3;transit;Cowboy;127.30119999999997;42;0;0;32;16;19.79557144787324;3.0309809523809514;38.91696229100748;0.19585204224312217;0.22670171215982277;1177.109027357456;668.4950183651373;0.5679125746455885;1060.6898678503787;499.9276681682713;514.915182960079;902.9102519704438;8.156683156739666;2.286025089783993;1.753512581974973;1.0;0;0.0;;-14.999999999999998;0;0.0;0.0;0.4620632195718344;0.4722086525576812;0.8358228897575107;0.014574402077054545;0.07844832026661827;0.4449140580844928;0.4620632195718344;902.9102519704439;0.0
BBCC_t3_SingleDrone_20261001_172059;BBCC;3;SingleDrone;20261001;False;3;search;Cowboy;13.610900000000015;6;1;1;3;5;26.44938982727076;2.268483333333336;103.0243407856937;0.22875783379497433;0.5376426246611191;93.06221685459965;51.42262483573374;0.5525617868750797;158.149266097692;697.1585983191053;;;;;;1.0;0;0.0;;-15.0;0;0.0;0.0;0.6920202708185129;0.4418154748206527;0.782026091440746;0.307979729181487;0.0;0.0;0.6920202708185129;63.55070465836097;0.0
BBCC_t4_SingleDrone_20261001_173145;BBCC;4;SingleDrone;20261001;False;1;transit;Cap;22.2061;6;3;1;5;2;16.21176163306479;3.7010166666666664;43.201102399791054;0.15422338906876942;0.013163049792624509;116.91197305619998;115.17695822154462;0.9851596479872824;58.521193982758035;158.12194122180313;76.61839985351563;82.1336147286085;7.831017107471856;1.5258994351189845;1.0719829033970594;1.0;0;0.0;;-13.44361735183259;1;15.0;0.0;;;;;;;;0.0;82.13361472860853
BBCC_t4_SingleDrone_20261001_173145;BBCC;4;SingleDrone;20261001;False;1;search;Cap;24.698999999999998;13;5;3;12;1;31.580225920077737;1.8999230769230768;73.62322361229201;0.3900238876067858;0.12066480424308691;173.20751230312462;122.22438713947766;0.7056529218292615;423.6613901860028;1029.1786473606287;;;;;;1.0;0;0.0;;-15.000000000000002;0;0.0;0.0;0.9929004300270152;0.3918637123371153;0.6936100358658832;0.007099569972984798;0.0;0.0;0.9929004300270152;101.82439738075696;15.751693789243733
BBCC_t4_SingleDrone_20261001_173145;BBCC;4;SingleDrone;20261001;False;2;transit;Cowboy;27.300999999999988;1;0;0;1;1;2.1977216951760017;27.300999999999988;12.647229039229337;0.03975312259624205;0.0;252.8181584900999;252.0441343700822;0.996938415639761;23.92489999999998;52.580271784916285;195.22883125340994;202.7673793312542;0.512219426597901;1.2949837217533622;1.0386139077381409;1.0;0;0.0;;-15.0;0;0.0;0.0;0.6254714389834608;0.48924698440718467;0.8659812269374079;0.37452856101653914;0.0;0.0;0.6254714389834608;202.76737933125423;0.0
BBCC_t4_SingleDrone_20261001_173145;BBCC;4;SingleDrone;20261001;False;2;search;Cowboy;65.697;29;8;1;21;11;26.48522763596511;2.2654137931034484;50.854559568930085;0.28455637243709786;0.018221532185640012;377.7880149515281;160.00712070762827;0.42353678352702084;198.41838639513716;181.2122803736583;;;;;;1.0;0;0.0;;-15.0;0;0.0;0.0;0.24171714134157662;0.4177776565185993;0.7394784620234006;0.7268417144683298;0.0;0.031441144190093535;0.24171714134157662;217.3168863250989;0.0
BBCC_t4_SingleDrone_20261001_173145;BBCC;4;SingleDrone;20261001;False;3;transit;Bucket;22.501000000000005;9;0;0;2;7;23.998933380738627;2.500111111111112;17.014443802497663;0.04885116217057002;0.0;209.48431000000005;205.74039675021072;0.9821279538797473;22.927900000000022;61.13834940669308;151.50899853515625;154.7610159022708;5.9402412312240545;1.382652595062802;1.021464186276434;1.0;0;0.0;;-15.0;0;0.0;0.0;0.14179035520900118;0.0;0.0;0.4110811704259412;0.0;0.4471284743650575;0.14179035520900118;154.7610159022708;0.0
BBCC_t4_SingleDrone_20261001_173145;BBCC;4;SingleDrone;20261001;False;3;search;Bucket;36.3047;15;8;2;3;7;24.790178682099015;2.420313333333333;44.245510911810314;0.09164378165912486;0.04409897341115611;169.1322923296999;135.82503395910774;0.8030697868999239;85.03460000000013;140.534861877388;;;;;;1.0;0;0.0;;-15.000000000000002;0;0.0;0.0;0.31293981845951335;0.0;0.0;0.6870601815404865;0.0;0.0;0.31293981845951335;99.68634597014116;0.0
