timestamp,drone_id,pos_x,pos_y,pos_z,quat_x,quat_y,quat_z,quat_w
2.001,0,47.977140,10.516000,47.971370,-0.004192,-0.370102,0.004312,0.928972
2.001,1,52.540160,10.405390,48.355300,-0.005751,-0.371590,0.006244,0.928358
2.001,2,57.377930,10.374000,48.628780,-0.005525,-0.373631,0.011665,0.927487
2.001,3,62.451440,10.374680,48.463670,-0.005815,-0.373410,0.008857,0.927606
35.618,0,21.795330,13.270660,21.142180,0.004295,-0.876138,0.001597,0.482038
35.618,1,6.568293,13.469390,28.786250,-0.005664,-0.999936,-0.000544,0.009771
35.618,2,-7.445981,15.278230,26.471110,0.000701,-0.999715,-0.010233,-0.021543
35.618,3,-20.471690,11.912080,25.412920,0.004759,-0.946764,0.019768,-0.321287
38.626,0,20.682980,13.229510,21.321090,-0.003621,-0.876173,-0.001031,0.481982
38.626,1,7.234626,13.294810,28.685660,-0.005362,-0.999944,-0.002518,0.008734
38.626,2,-5.996766,12.953930,29.844760,0.011788,-0.999511,0.003556,-0.028741
38.626,3,-21.241820,14.601810,17.832770,-0.010784,-0.836126,-0.014492,-0.548240
70.229,0,21.178810,13.212020,21.212240,-0.000318,-0.876242,0.000102,0.481872
70.229,1,7.863363,13.211540,28.996960,0.000321,-0.999972,0.000246,0.007430
70.229,2,-7.718087,13.215690,29.153850,0.000747,-0.999706,0.001428,-0.024193
70.229,3,-21.198270,13.216090,20.944040,-0.001221,-0.874319,-0.001487,-0.485348
71.231,0,20.946610,14.587800,20.683500,0.000224,-0.874335,0.018358,0.484975
71.231,1,8.182634,12.835320,28.697620,-0.011845,-0.999697,0.017728,0.012288
71.231,2,-8.039742,14.585540,28.632150,0.005283,-0.999518,0.015428,-0.026410
71.231,3,-20.695420,12.833270,21.030230,-0.020431,-0.877419,0.007313,-0.479234
72.235,0,19.905420,17.815050,18.736680,-0.000018,-0.867596,0.016916,0.496982
72.235,1,9.273629,11.957910,27.166810,-0.011065,-0.999724,0.016969,0.011873
72.235,2,-8.767580,17.793140,26.701900,0.005431,-0.999495,0.016409,-0.026680
72.235,3,-18.756920,11.947380,21.359830,-0.018319,-0.891334,0.008483,-0.452898
73.239,0,18.319430,21.085050,16.023770,-0.017125,-0.815792,-0.003499,0.578082
73.239,1,10.984670,11.094080,24.635150,-0.009429,-0.999797,0.014354,0.010556
73.239,2,-9.760144,21.017580,23.763200,0.003491,-0.999585,0.012331,-0.025815
73.239,3,-15.653470,11.085220,21.647890,-0.011086,-0.935560,0.006263,-0.352939
74.742,0,18.160010,24.072740,11.857080,-0.020258,-0.718513,-0.002205,0.695215
74.742,1,14.029320,10.788540,20.528020,-0.004626,-0.974565,-0.012709,0.223697
74.742,2,-10.934320,24.389080,20.587960,-0.000449,-0.999509,-0.017607,-0.025915
74.742,3,-11.459840,10.899260,22.515170,0.001456,-0.992686,-0.015410,-0.119727
75.743,0,19.518350,23.899050,8.842793,-0.020929,-0.718830,-0.002649,0.694866
75.743,1,16.268420,11.087130,19.459070,-0.009031,-0.928943,-0.012697,0.369895
75.743,2,-11.413750,24.783040,20.724470,0.001137,-0.998378,-0.017554,-0.054143
75.743,3,-9.811754,10.982090,24.416910,-0.008831,-0.999545,-0.013450,-0.025506
76.746,0,21.742760,22.738850,5.692322,-0.017367,-0.715594,0.003541,0.698292
76.746,1,19.021020,11.207490,19.322480,-0.013332,-0.888656,-0.010553,0.458258
76.746,2,-11.935450,23.984020,22.132780,0.001772,-0.996774,-0.017505,-0.078302
76.746,3,-7.793930,11.124420,26.549370,-0.017707,-0.999782,0.007823,-0.007877
77.748,0,23.726250,21.620060,2.253746,0.005184,-0.703161,0.019571,0.710742
77.748,1,22.453180,11.217340,19.496960,-0.010721,-0.859255,-0.005932,0.511401
77.748,2,-12.527580,22.554630,24.511690,-0.009115,-0.996734,-0.018359,-0.078109
77.748,3,-4.816793,11.342290,27.542120,-0.013252,-0.999837,0.011058,-0.005311
78.751,0,23.863170,20.961630,-1.184615,0.007128,-0.703091,0.017807,0.710841
78.751,1,25.437610,11.662880,19.271680,0.005504,-0.837497,0.017339,0.546139
78.751,2,-12.376470,21.027830,27.789010,-0.016789,-0.997124,-0.012916,-0.072767
78.751,3,-1.501397,11.507040,27.342870,-0.005819,-0.999888,0.013166,-0.004154
79.754,0,22.433660,20.597840,-4.383212,0.008078,-0.703081,0.016846,0.710865
79.754,1,26.493160,12.071720,18.150090,0.009148,-0.810051,0.015069,0.586094
79.754,2,-10.931960,20.272650,31.355830,-0.004044,-0.998254,0.015677,-0.056800
79.754,3,1.391569,11.637850,26.108390,0.006248,-0.999918,0.010597,-0.003620
80.755,0,19.857370,20.522000,-7.288418,0.006668,-0.703633,0.014587,0.710383
80.755,1,25.948330,12.067930,16.741390,0.011017,-0.792863,0.013718,0.609147
80.755,2,-9.310857,20.782170,33.037620,0.004172,-0.999435,0.017714,-0.028254
80.755,3,2.999384,11.765770,24.356930,0.015019,-0.999885,0.001590,0.001601
81.756,0,17.273400,20.884580,-10.159940,-0.022442,-0.715440,-0.001837,0.698311
81.756,1,24.139660,11.737700,15.378840,0.012790,-0.763239,0.012241,0.645874
81.756,2,-8.399786,21.356160,32.725460,0.005605,-0.999428,0.017755,-0.028221
81.756,3,3.056054,11.788520,23.052410,0.004829,-0.999739,-0.017791,0.013478
82.759,0,16.628860,21.394520,-13.483210,-0.019478,-0.697891,-0.001946,0.715937
82.759,1,21.338550,11.268670,14.256120,0.013926,-0.743882,0.011135,0.668073
82.759,2,-8.150332,21.635400,30.992560,0.005638,-0.999428,0.017756,-0.028221
82.759,3,2.595045,11.717540,23.367410,0.001525,-0.999753,-0.017612,0.013512
83.761,0,16.934270,21.555940,-17.104090,-0.006953,-0.529261,0.016635,0.848268
83.761,1,18.019620,11.033400,13.529780,-0.010655,-0.724045,-0.013081,0.689546
83.761,2,-8.391956,21.573410,28.229950,0.005503,-0.999429,0.017752,-0.028223
83.761,3,2.112909,11.463470,25.068950,0.008031,-0.999828,-0.012178,0.011448
84.762,0,16.440190,21.412180,-21.001210,-0.007208,-0.352912,0.016008,0.935492
84.762,1,16.475680,11.519430,13.173790,-0.012275,-0.723981,-0.012600,0.689596
84.762,2,-8.989653,21.292690,24.719790,0.005506,-0.999552,0.012428,-0.026674
84.762,3,1.181920,11.290410,26.999910,0.007217,-0.999891,0.012868,0.000243
85.767,0,14.704420,21.407790,-24.536960,0.013884,-0.223827,0.015805,0.974402
85.767,1,16.840410,11.792330,12.969510,-0.012248,-0.723981,-0.012625,0.689595
85.767,2,-9.849508,21.365660,21.272270,-0.000789,-0.999600,-0.017837,-0.021947
85.767,3,-0.112782,11.311500,27.424860,0.000201,-0.999869,0.016162,-0.000791
86.769,0,11.827900,21.593360,-26.285750,0.016072,-0.104650,0.011750,0.994310
86.769,1,18.576970,11.759490,12.879810,-0.012222,-0.723981,-0.012650,0.689595
86.769,2,-10.503350,21.825590,20.016520,-0.001336,-0.999604,-0.017623,-0.021919
86.769,3,-1.063850,11.290450,26.398500,-0.005217,-0.999910,0.012299,-0.001485
87.772,0,8.571365,21.639360,-26.342040,0.017241,-0.039195,0.009304,0.999040
87.772,1,21.318530,11.491620,12.877210,-0.006692,-0.724431,-0.011105,0.689225
87.772,2,-10.927080,21.910220,20.547060,0.000618,-0.999604,-0.017580,-0.021953
87.772,3,-1.328654,11.243320,24.644960,-0.008101,-0.999949,0.004125,-0.004336
88.772,0,5.322556,21.464120,-24.991820,0.017315,-0.039140,0.007376,0.999057
88.772,1,23.758060,11.525300,13.135000,0.015315,-0.728836,0.009836,0.684446
88.772,2,-11.338700,21.671850,22.383450,0.002058,-0.998779,-0.017513,-0.046152
88.772,3,-0.882859,11.267910,23.102420,-0.002171,-0.999788,-0.017358,-0.010905
89.773,0,2.252842,21.191080,-22.564210,0.017444,-0.039082,0.004060,0.999076
89.773,1,24.147160,11.668490,13.603150,0.013634,-0.728861,0.011327,0.684433
89.773,2,-11.847830,21.258050,25.187110,-0.002470,-0.998926,-0.009680,-0.045256
89.773,3,-0.312856,11.448890,23.136780,0.000335,-0.999785,-0.017587,-0.010984
90.775,0,-0.585487,21.134670,-19.812030,-0.015801,-0.028398,0.011027,0.999411
90.775,1,22.960740,11.574960,14.040110,0.012391,-0.728883,0.012494,0.684412
90.775,2,-12.017640,21.300360,27.557550,-0.004991,-0.999046,0.017436,-0.039740
90.775,3,0.073675,11.489360,24.647010,0.000600,-0.999787,-0.017447,-0.010992
91.778,0,-3.603636,21.381620,-18.918440,-0.017927,-0.029555,0.011124,0.999341
91.778,1,20.619280,11.313630,14.309170,0.009253,-0.729019,0.011409,0.684336
91.778,2,-11.672140,21.470630,27.903310,-0.003086,-0.999053,0.017481,-0.039713
91.778,3,0.285781,11.446850,26.741280,0.001724,-0.999854,0.011489,-0.012570
92.784,0,-6.442389,21.654570,-19.840730,-0.017216,-0.029975,-0.012771,0.999321
92.784,1,17.965470,11.302300,14.363020,-0.013072,-0.730659,-0.012152,0.682509
92.784,2,-11.087080,21.430890,26.670810,-0.001574,-0.999057,0.017541,-0.039687
92.784,3,0.311164,11.523350,27.473160,0.001815,-0.999783,0.016143,-0.013031
93.785,0,-7.569197,21.892380,-21.977220,-0.017225,-0.029970,-0.012481,0.999324
93.785,1,17.267710,11.639840,14.374100,-0.012529,-0.730660,-0.012366,0.682514
93.785,2,-10.475580,21.220480,24.307590,-0.000092,-0.999084,0.016142,-0.039632
93.785,3,0.197751,11.412400,26.688450,0.001280,-0.999830,0.013191,-0.012791
95.290,0,-6.685267,21.560610,-26.606530,-0.011685,-0.033996,-0.014957,0.999242
95.290,1,19.183030,11.692810,14.460420,-0.012390,-0.730662,-0.012496,0.682512
95.290,2,-9.808198,21.460590,21.084120,-0.000315,-0.999090,-0.017612,-0.038854
95.290,3,-0.060257,11.136080,24.128430,-0.000157,-0.999921,0.001489,-0.012448
96.294,0,-4.728355,21.282590,-29.962400,0.008088,-0.041725,-0.010312,0.999043
96.294,1,21.814890,11.441740,14.560070,-0.001412,-0.729966,0.000838,0.683482
96.294,2,-9.557112,21.687780,21.272180,-0.000156,-0.999090,-0.017609,-0.038857
96.294,3,-0.177484,11.163400,22.903080,-0.000686,-0.999759,-0.017685,-0.013027
97.295,0,-2.465763,21.660720,-31.839530,0.017633,-0.022462,-0.001844,0.999591
97.295,1,23.708680,11.566580,14.514620,0.011336,-0.728855,0.013493,0.684442
97.295,2,-9.414963,21.636660,22.874680,-0.000002,-0.999090,-0.017603,-0.038860
97.295,3,-0.226400,11.323200,23.392630,-0.000582,-0.999760,-0.017599,-0.013025
98.298,0,-0.660112,21.877350,-31.734840,0.017583,-0.022504,0.000516,0.999592
98.298,1,23.657430,11.632110,14.307040,0.011968,-0.728845,0.012891,0.684453
98.298,2,-9.378731,21.357060,25.507720,0.004261,-0.999146,-0.003771,-0.040921
98.298,3,-0.229940,11.349850,25.236060,-0.001138,-0.999879,-0.009162,-0.012524
99.301,0,0.603598,21.766860,-30.206070,0.017549,-0.022530,0.001999,0.999590
99.301,1,22.157210,11.480900,14.052460,0.012389,-0.728838,0.012495,0.684460
99.301,2,-9.635730,21.446970,27.515910,0.002849,-0.999599,0.017671,-0.021931
99.301,3,-0.152294,11.460350,27.104990,-0.000818,-0.999832,0.014526,-0.011178
100.303,0,1.350080,21.429420,-27.564400,0.017526,-0.022548,0.003016,0.999588
100.303,1,19.561080,11.215730,13.811300,0.005651,-0.728644,0.004898,0.684852
100.303,2,-10.048730,21.527800,27.522150,0.001497,-0.999603,0.017627,-0.021947
100.303,3,-0.013302,11.551440,27.365540,0.000024,-0.999815,0.015726,-0.011119
101.305,0,1.597475,21.040970,-24.176150,0.017504,-0.022565,0.004009,0.999584
101.305,1,17.587580,11.432560,13.650100,-0.012895,-0.728500,-0.012029,0.684819
101.305,2,-10.438470,21.395570,26.040380,0.000042,-0.999604,0.017595,-0.021973
101.305,3,0.099490,11.424000,26.271280,0.000598,-0.999871,0.011651,-0.011008
102.307,0,1.360839,20.829580,-20.280980,-0.008193,-0.034419,0.014797,0.999264
102.307,1,17.597960,11.687880,13.533160,-0.012787,-0.728502,-0.012121,0.684818
102.307,2,-10.694500,21.137030,23.487920,-0.001218,-0.999695,0.010613,-0.022258
102.307,3,0.142951,11.223500,24.527550,0.000939,-0.999935,0.003841,-0.010662
103.309,0,-0.015773,21.462430,-17.928740,-0.018337,-0.042709,0.016965,0.998775
103.309,1,19.076960,11.694810,13.452720,-0.012660,-0.728504,-0.012240,0.684815
103.309,2,-10.818550,21.331520,21.334510,0.000507,-0.999572,-0.017598,-0.023380
103.309,3,0.105149,11.152360,23.046210,-0.000016,-0.999795,-0.017592,-0.010055
104.311,0,-2.344435,21.835410,-17.764880,-0.017684,-0.042819,0.001684,0.998925
104.311,1,21.623460,11.469450,13.421030,-0.001566,-0.729276,-0.004838,0.684201
104.311,2,-10.983610,21.607760,21.189460,0.001195,-0.999571,-0.017567,-0.023393
104.311,3,0.055877,11.287500,23.180750,-0.000319,-0.999795,-0.017594,-0.010048
105.314,0,-4.280434,22.063550,-19.150640,-0.017381,-0.042942,-0.005248,0.998913
105.314,1,23.604650,11.566560,13.559390,0.014133,-0.731277,0.010900,0.681847
105.314,2,-11.238250,21.623860,22.545250,0.001459,-0.999571,-0.017560,-0.023397
105.314,3,0.029659,11.342380,24.774570,0.000078,-0.999813,-0.016502,-0.010049
106.318,0,-5.157187,21.923830,-21.580260,-0.017186,-0.043020,-0.009776,0.998879
106.318,1,23.615320,11.639910,13.799430,0.013241,-0.731292,0.011704,0.681836
106.318,2,-11.577330,21.407300,25.003580,-0.001661,-0.999656,-0.012427,-0.023023
106.318,3,-0.000356,11.392200,26.824760,0.000176,-0.999867,0.012662,-0.010313
107.320,0,-4.957492,21.514810,-24.757840,-0.017072,-0.043065,-0.012419,0.998849
107.320,1,22.151640,11.491910,14.015840,0.012475,-0.731305,0.012418,0.681823
107.320,2,-11.709360,21.435280,27.241340,-0.003423,-0.998934,0.017515,-0.042580
107.320,3,-0.027344,11.531310,27.419270,0.000041,-0.999817,0.016081,-0.010364
108.324,0,-3.780641,21.399880,-27.950940,0.018047,-0.037143,-0.007610,0.999118
108.324,1,19.585100,11.227410,14.129380,0.004741,-0.731472,0.005894,0.681830
108.324,2,-11.460260,21.547400,27.508310,-0.002593,-0.998937,0.017495,-0.042576
108.324,3,-0.037369,11.450610,26.534000,-0.000062,-0.999866,0.012662,-0.010345
109.328,0,-2.290361,21.680970,-28.933960,0.017753,-0.037140,-0.004066,0.999144
109.328,1,17.635890,11.433200,14.142800,-0.013116,-0.732252,-0.011831,0.680805
109.328,2,-11.001940,21.432080,26.239950,-0.001464,-0.998939,0.017543,-0.042556
109.328,3,-0.028681,11.261500,24.864040,-0.000134,-0.999931,0.005629,-0.010351
110.331,0,-0.901026,21.704310,-28.167590,0.017650,-0.037189,-0.001290,0.999152
110.331,1,17.666030,11.679220,14.132020,-0.012901,-0.732256,-0.012023,0.680802
110.331,2,-10.481320,21.168580,23.848180,-0.000177,-0.999001,0.013823,-0.042500
110.331,3,-0.006977,11.145650,23.233010,-0.000207,-0.999825,-0.015459,-0.010575
111.334,0,0.180362,21.504640,-26.129650,0.017576,-0.037224,0.000685,0.999152
111.334,1,19.161660,11.682450,14.124280,-0.012817,-0.732257,-0.012101,0.680800
111.334,2,-10.052850,21.275800,21.528290,-0.000256,-0.998948,-0.017688,-0.042304
111.334,3,0.017025,11.272870,23.051490,-0.000261,-0.999789,-0.017593,-0.010615
112.337,0,0.865408,21.191610,-23.153920,0.017509,-0.037256,0.002495,0.999149
112.337,1,21.715770,11.457200,14.130780,-0.001238,-0.732144,-0.001092,0.681148
112.337,2,-9.777864,21.576250,21.199150,-0.000441,-0.998950,-0.017624,-0.042297
112.337,3,0.040548,11.354450,24.417330,-0.000052,-0.999789,-0.017591,-0.010618
113.340,0,0.950284,21.074160,-19.708670,-0.011948,-0.030890,0.016834,0.999310
113.340,1,23.604580,11.572530,14.119030,0.012529,-0.732102,0.012384,0.680967
113.340,2,-9.601054,21.625310,22.428980,-0.000227,-0.998950,-0.017615,-0.042301
113.340,3,0.042608,11.358320,26.550140,0.000415,-0.999886,0.010273,-0.011045
114.846,0,-1.460687,21.677240,-17.746710,-0.017108,-0.034589,0.012137,0.999182
114.846,1,22.918150,11.575920,14.027250,0.012612,-0.732101,0.012291,0.680968
114.846,2,-9.546307,21.326360,26.257850,0.002925,-0.999635,0.011160,-0.024416
114.846,3,0.003432,11.524850,27.265010,0.000206,-0.999820,0.015354,-0.011190
115.848,0,-3.566127,21.882500,-18.648650,-0.017427,-0.035341,-0.004919,0.999211
115.848,1,20.811200,11.335320,13.943820,0.011041,-0.732071,0.010750,0.681054
115.848,2,-9.784745,21.516790,27.641890,0.002636,-0.999552,0.017657,-0.024010
115.848,3,-0.020245,11.390720,26.047290,0.000025,-0.999879,0.010831,-0.011137
128.888,0,-4.590658,21.434990,-24.948350,-0.016602,-0.025897,-0.012647,0.999447
128.888,1,23.151940,11.503570,13.931220,0.013929,-0.735598,0.011134,0.677184
128.888,2,-9.786716,21.649960,21.481160,0.003420,-0.999655,-0.017527,-0.019277
128.888,3,0.003745,11.583680,27.419400,0.000202,-0.999796,0.016108,-0.012191
129.892,0,-3.178891,21.699700,-27.896570,0.018019,-0.025797,-0.012099,0.999432
129.892,1,23.667980,11.898490,14.132510,0.017081,-0.735521,0.008183,0.677238
129.892,2,-10.351250,22.897790,23.357130,0.014281,-0.999556,-0.012387,-0.023035
129.892,3,-0.002467,14.010890,26.181860,0.000124,-0.999817,0.014748,-0.012171
130.894,0,-1.016974,22.346970,-28.616820,0.017894,-0.025649,-0.011599,0.999444
130.894,1,22.490850,12.272810,14.737820,0.016323,-0.735538,0.008882,0.677229
130.894,2,-12.232820,25.290490,25.848540,0.016349,-0.998408,0.004107,-0.053821
130.894,3,-0.000542,18.484860,23.569670,-0.000818,-0.999794,0.016175,-0.012221
131.898,0,1.517890,22.653430,-27.628960,0.017858,-0.025674,-0.010198,0.999459
131.898,1,20.097090,12.460960,15.571610,0.015795,-0.735549,0.009368,0.677222
131.898,2,-14.715530,27.921460,27.022190,0.001980,-0.991292,0.017911,-0.130448
131.898,3,0.618978,23.023630,20.779970,-0.017335,-0.999287,-0.012103,-0.031294
132.901,0,4.207810,22.610290,-25.424670,0.015064,-0.024312,-0.009332,0.999547
132.901,1,16.999970,12.483280,16.666800,0.005592,-0.799708,-0.012336,0.600236
132.901,2,-16.617820,29.503400,26.415740,0.001451,-0.980404,0.018157,-0.196156
132.901,3,2.405327,25.655330,19.092310,-0.017745,-0.999709,0.007188,-0.014695
133.904,0,7.003040,22.370620,-22.440130,0.013753,-0.023719,-0.008724,0.999586
133.904,1,14.599350,12.625640,18.553790,0.005324,-0.901505,-0.010493,0.432608
133.904,2,-17.878140,29.658380,24.567300,-0.000795,-0.961627,0.017941,-0.273773
133.904,3,4.539510,26.154410,17.425300,0.017711,-0.999650,0.000582,-0.019639
134.905,0,9.886645,22.293010,-19.594480,-0.016693,-0.005849,-0.014206,0.999743
134.905,1,12.789200,12.476010,20.910160,0.010293,-0.969814,-0.009372,0.243451
134.905,2,-18.352750,28.790640,21.936280,-0.002736,-0.934926,0.017633,-0.354394
134.905,3,5.033092,25.307080,16.147300,0.017609,-0.999675,-0.000835,-0.018426
135.907,0,13.207620,22.414480,-18.597550,-0.004920,-0.145577,-0.011365,0.989270
135.907,1,10.849590,12.171330,23.603200,0.008080,-0.996651,-0.011049,0.080626
135.907,2,-17.999390,27.551350,18.765380,-0.004918,-0.893783,0.017080,-0.448148
135.907,3,3.969572,24.240310,15.641140,0.010680,-0.999781,-0.017583,-0.003807
136.911,0,16.719290,22.282480,-18.196480,0.001783,-0.342240,-0.014857,0.939494
136.911,1,8.586528,11.977260,26.333520,0.017914,-0.999356,0.007656,0.030119
136.911,2,-16.968810,26.568330,15.474090,0.005721,-0.808080,-0.008018,-0.588990
136.911,3,2.219068,23.835260,16.766540,0.003098,-0.999834,-0.017579,-0.003688
138.418,0,22.256470,21.900450,-16.812850,0.014130,-0.542174,-0.010869,0.840077
138.418,1,3.590521,12.068290,28.284280,0.015180,-0.999422,0.008920,0.029081
138.418,2,-17.346000,26.418110,12.212850,0.011322,-0.718618,-0.013539,-0.695181
138.418,3,-0.790959,22.924270,19.741480,0.017465,-0.999571,0.008326,-0.021992
139.420,0,25.129460,22.029540,-14.640350,0.024026,-0.624216,-0.004312,0.780871
139.420,1,-0.336291,12.151220,28.297930,0.013476,-0.999450,0.009268,0.028862
139.420,2,-19.313020,26.633930,10.927510,0.010830,-0.718624,-0.013997,-0.695173
139.420,3,-3.768660,22.289220,20.550220,-0.011229,-0.999640,0.007836,-0.023085
140.423,0,26.324440,22.172990,-11.123910,0.022654,-0.692957,-0.003095,0.720616
140.423,1,-4.490055,12.198710,27.533450,0.011622,-0.999477,0.009850,0.028526
140.423,2,-22.001500,27.042980,10.246450,-0.017504,-0.724869,0.007651,-0.688622
140.423,3,-5.407610,22.327670,20.458720,-0.017762,-0.999516,0.005502,-0.024942
141.425,0,26.248820,22.195810,-7.031170,0.013505,-0.688460,-0.006725,0.725118
141.425,1,-8.500057,12.211480,26.165780,0.008407,-0.999511,0.010506,0.028212
141.425,2,-22.880930,27.714080,10.285860,-0.016516,-0.724890,0.008572,-0.688613
141.425,3,-5.052053,22.350910,19.960630,-0.017700,-0.999480,0.003400,-0.026751
142.426,0,25.760000,22.168980,-2.770760,0.012545,-0.688764,-0.004845,0.724861
142.426,1,-12.144200,12.266180,24.277930,-0.004949,-0.998683,0.015404,-0.048688
142.426,2,-22.062600,27.894540,10.736570,-0.015169,-0.724919,0.009852,-0.688596
142.426,3,-3.286180,22.276960,19.343890,-0.017660,-0.999453,0.002057,-0.027904
143.428,0,24.964390,22.131920,1.398520,0.008027,-0.688899,0.000033,0.724813
143.428,1,-14.339770,12.554240,21.888940,-0.008018,-0.978852,-0.015165,-0.203849
143.428,2,-20.009520,27.636980,11.336490,-0.013815,-0.724938,0.011009,-0.688587
143.428,3,-0.483286,22.130170,18.749820,-0.017696,-0.999477,0.003272,-0.026860
144.430,0,23.936720,22.331260,4.827783,-0.008562,-0.689971,0.009635,0.723722
144.430,1,-15.504500,12.822830,21.019010,0.001171,-0.959374,-0.017914,-0.281565
144.430,2,-17.382340,27.347620,11.899520,0.013258,-0.724630,-0.011598,-0.688913
144.430,3,3.095942,21.952680,18.095470,-0.017704,-0.999483,0.003552,-0.026620
145.433,0,23.095170,22.694410,6.349027,-0.015614,-0.692943,0.009417,0.720762
145.433,1,-16.844580,12.728160,21.770700,0.002529,-0.946147,-0.017668,-0.323244
145.433,2,-16.484920,27.477310,12.263860,0.013716,-0.724621,-0.011230,-0.688920
145.433,3,7.189341,21.882960,17.353880,0.012508,-0.999557,0.001209,-0.026966
146.435,0,22.779840,22.712270,6.010197,-0.016147,-0.693661,0.008305,0.720072
146.435,1,-18.387700,12.444970,23.744900,-0.004470,-0.945625,-0.020133,-0.324604
146.435,2,-17.306240,27.440560,12.426810,0.013497,-0.724626,-0.011438,-0.688915
146.435,3,9.647319,22.693520,16.696600,0.017949,-0.999646,-0.013531,-0.014222
147.436,0,22.967560,22.438600,4.397743,-0.011810,-0.693630,0.004187,0.720223
147.436,1,-19.755010,12.104810,26.897680,-0.006549,-0.947161,-0.011551,-0.320483
147.436,2,-19.394350,27.260190,12.462520,0.013285,-0.724630,-0.011640,-0.688912
147.436,3,9.981020,23.095960,17.091610,0.011103,-0.999729,-0.017472,-0.010696
148.436,0,23.527360,22.120560,2.283909,-0.004454,-0.693295,-0.000789,0.720639
148.436,1,-20.220680,12.455100,29.893970,-0.010007,-0.950846,0.015247,-0.309128
148.436,2,-22.111270,27.110920,12.402450,-0.010752,-0.722512,0.013436,-0.691144
148.436,3,8.977500,22.952820,18.566130,0.017573,-0.999501,0.000866,-0.026223
149.439,0,24.224640,21.967790,0.550627,0.007054,-0.693933,-0.006033,0.719980
149.439,1,-19.347240,12.872610,31.173560,-0.007010,-0.959211,0.016273,-0.282135
149.439,2,-23.127390,27.389460,12.189760,-0.011966,-0.722468,0.012895,-0.691181
149.439,3,6.777073,22.639860,19.712350,0.017513,-0.999444,0.003170,-0.028199
150.445,0,24.697280,21.968730,0.022960,0.012469,-0.695361,-0.006539,0.718523
150.445,1,-17.737260,12.928030,30.972390,-0.005076,-0.970464,0.016837,-0.240603
150.445,2,-22.377050,27.449770,11.937440,-0.012488,-0.722459,0.012396,-0.691190
150.445,3,3.626247,22.201540,20.278910,0.017520,-0.999451,0.002899,-0.027967
151.448,0,24.714790,21.962750,0.748812,0.010810,-0.695693,-0.003904,0.718248
151.448,1,-15.845190,12.679080,29.559640,-0.002722,-0.977132,0.017410,-0.211904
151.448,2,-20.356370,27.284850,11.727850,-0.012836,-0.722453,0.012063,-0.691195
151.448,3,-0.143076,21.820140,20.396600,0.017483,-0.999411,0.004332,-0.029197
152.449,0,24.345030,21.948500,2.128858,0.004428,-0.695393,0.000243,0.718616
152.449,1,-13.892290,12.283770,27.159440,-0.002524,-0.982992,0.017424,-0.182801
152.449,2,-17.584220,27.106060,11.587430,0.011782,-0.721987,-0.011756,-0.691706
152.449,3,-4.404113,21.621540,20.084240,0.014724,-0.999434,0.004990,-0.029843
153.452,0,23.818370,21.983270,3.365710,-0.004694,-0.695674,0.004133,0.718330
153.452,1,-12.064770,11.932540,23.984620,0.002090,-0.991604,0.009848,-0.128918
153.452,2,-16.393460,27.445020,11.505030,0.012703,-0.721984,-0.012189,-0.691686
153.452,3,-8.809163,21.716070,19.384070,-0.011176,-0.999482,0.003157,-0.030008
154.455,0,23.455990,22.034520,3.776863,-0.009354,-0.696516,0.004709,0.717465
154.455,1,-10.810970,12.227950,21.166060,0.003694,-0.996590,-0.017371,-0.080577
154.455,2,-16.993710,27.571710,11.447220,0.012601,-0.721986,-0.012287,-0.691684
154.455,3,-11.468690,22.702120,18.587360,-0.017774,-0.995943,0.003679,-0.088139
155.458,0,23.439190,22.020550,3.279088,-0.008214,-0.696726,0.002746,0.717285
155.458,1,-10.307200,12.749520,20.404890,0.001108,-0.998710,-0.017553,-0.047644
155.458,2,-18.902890,27.456530,11.416950,0.012535,-0.721987,-0.012350,-0.691683
155.458,3,-11.903670,23.223990,17.812220,-0.016509,-0.982275,0.003466,-0.186683
156.461,0,23.727980,21.963350,2.287955,-0.003054,-0.696528,-0.000378,0.717524
156.461,1,-10.123010,12.909620,21.289200,-0.000228,-0.999532,-0.017604,-0.025025
156.461,2,-21.653350,27.202590,11.434760,-0.010121,-0.723577,0.007470,-0.690130
156.461,3,-11.566840,22.959220,16.951690,0.016983,-0.982284,0.005117,-0.186558
157.965,0,24.296370,21.918910,1.186709,0.006138,-0.696982,-0.003599,0.717054
157.965,1,-10.033740,12.562350,24.861440,0.003537,-0.999575,-0.017260,-0.023218
157.965,2,-22.997570,27.455280,11.666740,-0.013116,-0.723929,0.011799,-0.689649
157.965,3,-13.378770,22.210610,14.929640,0.014884,-0.894510,-0.000688,-0.446799
158.966,0,24.421970,21.903110,1.304566,0.007253,-0.697322,-0.002829,0.716716
158.966,1,-10.390460,12.423270,27.566930,0.006998,-0.999197,0.017520,-0.035344
158.966,2,-21.786280,27.378750,11.834890,-0.012597,-0.723939,0.012294,-0.689640
158.966,3,-15.524800,21.793990,13.197190,0.013898,-0.783446,0.010785,-0.621211
159.969,0,24.271140,21.877540,1.964188,0.004149,-0.697242,-0.000565,0.716823
159.969,1,-11.186820,12.566660,28.307680,0.002912,-0.999207,0.017704,-0.035542
159.969,2,-19.420810,27.135710,11.940190,-0.011790,-0.723952,0.012436,-0.689637
159.969,3,-17.520810,21.568880,10.469650,0.018056,-0.723256,0.005122,-0.690325
160.972,0,23.963290,21.868290,2.711626,-0.001265,-0.697227,0.001857,0.716847
160.972,1,-11.967760,12.510500,27.365820,-0.000308,-0.999211,0.017590,-0.035599
160.972,2,-16.961060,27.187850,11.956990,0.013262,-0.724828,-0.011807,-0.688702
160.972,3,-19.768040,21.519480,7.191803,0.015795,-0.725439,-0.002920,-0.688099
161.974,0,23.703560,21.881270,3.081182,-0.005278,-0.697539,0.002798,0.716523
161.974,1,-12.444840,12.302350,25.212680,-0.004097,-0.998076,0.013252,-0.060424
161.974,2,-16.499010,27.492990,11.919830,0.013061,-0.724826,-0.011853,-0.688707
161.974,3,-22.495730,21.686400,3.885952,0.013613,-0.721532,0.007813,-0.692204
162.975,0,23.646840,21.886890,2.895144,-0.005493,-0.697701,0.001897,0.716366
162.975,1,-12.387530,12.178940,22.588320,-0.001485,-0.995970,-0.010446,-0.089062
162.975,2,-17.631510,27.547720,11.858510,0.012894,-0.724829,-0.012012,-0.688703
162.975,3,-24.995260,21.898400,0.218841,0.013291,-0.721405,0.007849,-0.692342
163.977,0,23.802600,21.877910,2.339729,-0.002438,-0.697623,-0.000013,0.716461
163.977,1,-12.266710,12.479920,21.337080,0.001989,-0.993354,-0.017475,-0.113749
163.977,2,-19.936410,27.378710,11.798290,0.012626,-0.724834,-0.012267,-0.688699
163.977,3,-26.884060,22.260540,-3.699734,-0.007907,-0.712904,0.017090,-0.701009
164.980,0,24.052080,21.872560,1.796716,0.001855,-0.697663,-0.001725,0.716422
164.980,1,-12.507750,12.644180,21.863210,0.002594,-0.993351,-0.017407,-0.113773
164.980,2,-22.470810,27.295800,11.772910,-0.013083,-0.725416,0.012031,-0.688081
164.980,3,-26.964310,22.757120,-7.269974,-0.008887,-0.712922,0.015931,-0.701006
165.983,0,24.231700,21.872870,1.601544,0.004467,-0.697865,-0.002127,0.716212
165.983,1,-13.078040,12.579030,23.719330,0.002553,-0.993351,-0.017412,-0.113773
165.983,2,-23.073640,27.467000,11.782700,-0.012945,-0.725412,0.011966,-0.688090
165.983,3,-25.539630,22.840550,-10.394820,-0.009414,-0.712915,0.015412,-0.701018
166.985,0,24.231770,21.865550,1.838126,0.003992,-0.697924,-0.001173,0.716160
166.985,1,-13.664440,12.417220,26.226680,-0.007053,-0.994181,0.012630,-0.106750
166.985,2,-22.024810,27.405310,11.807760,-0.012751,-0.725415,0.012149,-0.688086
166.985,3,-23.056510,22.584260,-13.020080,-0.009836,-0.712908,0.014997,-0.701028
167.987,0,24.077190,21.854530,2.301230,0.001111,-0.697869,0.000400,0.716225
167.987,1,-13.490840,12.572310,27.336190,-0.005097,-0.994254,0.017147,-0.105539
167.987,2,-19.779500,27.167900,11.822320,-0.012530,-0.725419,0.012353,-0.688083
167.987,3,-19.753080,22.227740,-15.192350,-0.014607,-0.637005,0.010019,-0.770656
168.991,0,23.881050,21.851630,2.677519,-0.002197,-0.697932,0.001553,0.716159
168.991,1,-12.790250,12.521780,26.777470,-0.002647,-0.994264,0.017408,-0.105496
168.991,2,-17.170240,27.130690,11.808720,0.013202,-0.725788,-0.012042,-0.687687
168.991,3,-16.110930,22.027410,-16.648600,0.008984,-0.503738,-0.002477,-0.863806
169.991,0,23.771570,21.853140,2.740728,-0.003701,-0.698052,0.001572,0.716036
169.991,1,-11.911380,12.311210,24.986250,0.000081,-0.994368,0.011867,-0.105312
169.991,2,-16.475420,27.459670,11.768610,0.013015,-0.725780,-0.011900,-0.687701
169.991,3,-13.708710,22.162920,-18.242740,0.012422,-0.322606,-0.000913,-0.946452
170.995,0,23.807630,21.850420,2.488789,-0.002724,-0.698057,0.000612,0.716036
170.995,1,-11.179190,12.183060,22.738180,0.001984,-0.994570,-0.014317,-0.103065
170.995,2,-17.438650,27.549070,11.713160,0.012851,-0.725783,-0.012055,-0.687698
170.995,3,-12.242510,22.109490,-20.384290,0.014073,-0.171349,0.007457,-0.985082
171.997,0,23.950270,21.847100,2.115961,-0.000143,-0.698032,-0.000626,0.716066
171.997,1,-10.869070,12.435560,21.892390,0.001092,-0.996726,-0.017557,-0.078914
171.997,2,-19.618720,27.409020,11.664310,0.012710,-0.725786,-0.012188,-0.687695
171.997,3,-10.773730,21.934780,-23.194590,0.007621,-0.066542,0.013052,-0.997669
173.000,0,24.097820,21.848120,1.870473,0.002252,-0.698095,-0.001326,0.716000
173.000,1,-10.855440,12.558570,22.741440,0.000631,-0.996727,-0.017595,-0.078904
173.000,2,-22.240930,27.274740,11.662830,-0.013320,-0.726911,0.011644,-0.686504
173.000,3,-8.530327,22.081420,-25.647760,-0.013574,-0.018243,0.018008,-0.999579
174.004,0,24.156140,21.848720,1.895871,0.002933,-0.698158,-0.001098,0.715937
174.004,1,-11.024140,12.471890,24.883170,0.003587,-0.996738,-0.015353,-0.079146
174.004,2,-23.034350,27.461780,11.728290,-0.013117,-0.726913,0.011806,-0.686503
174.004,3,-5.282028,22.304200,-26.432010,-0.013908,-0.018131,0.011794,-0.999669
190.542,0,23.994970,21.798120,2.281500,0.001173,-0.697781,0.007816,0.716268
190.542,1,-11.703480,12.614160,27.372830,0.005325,-0.996061,0.018131,-0.086635
190.542,2,-23.000300,27.377470,11.751940,-0.007296,-0.730448,0.017063,-0.682716
190.542,3,0.376375,22.322690,-25.360310,-0.010683,-0.024786,-0.008133,-0.999603
191.545,0,23.347010,20.883640,1.947241,0.002745,-0.694037,0.022514,0.719582
191.545,1,-12.560910,14.232660,26.597510,0.008574,-0.996248,0.014903,-0.084817
191.545,2,-22.353450,24.976500,11.330490,0.014174,-0.724571,0.010626,-0.688972
191.545,3,0.015492,21.315980,-24.224790,0.011787,-0.008413,-0.017813,-0.999737
192.547,0,21.506300,19.352650,0.687365,0.003557,-0.694271,0.020938,0.719400
192.547,1,-13.898100,16.761390,24.425080,0.005801,-0.990785,0.017314,-0.134205
192.547,2,-22.072390,21.089100,9.905095,0.018377,-0.727944,0.006223,-0.685362
192.547,3,-1.621982,19.688360,-24.201340,0.012030,-0.008202,-0.017818,-0.999735
193.550,0,18.747760,18.008160,-1.253183,-0.007196,-0.699972,0.014341,0.713990
193.550,1,-15.190010,18.956660,21.277670,0.009418,-0.967431,0.006422,-0.252879
193.550,2,-22.552110,17.570060,7.493217,0.018305,-0.727882,0.006299,-0.685429
193.550,3,-4.307094,18.118950,-25.129250,0.009758,-0.010174,-0.017588,-0.999746
194.553,0,16.209480,17.431890,-4.016599,-0.015108,-0.705184,0.009571,0.708799
194.553,1,-16.705480,20.323060,18.192750,0.011126,-0.900220,0.001227,-0.435291
194.553,2,-23.706940,15.524520,4.145270,0.015743,-0.727047,0.005952,-0.686381
194.553,3,-7.775095,17.194840,-26.651270,0.008257,-0.011295,-0.013419,-0.999812
195.553,0,14.627480,17.435990,-7.605572,-0.012935,-0.704307,0.009671,0.709712
195.553,1,-18.582300,20.435750,15.487280,0.013495,-0.794633,0.008282,-0.606883
195.553,2,-25.280750,15.280120,0.205455,0.012866,-0.726761,0.004245,-0.686757
195.553,3,-11.586290,17.048040,-28.511560,0.007655,-0.011673,-0.012509,-0.999824
196.555,0,13.663260,17.741320,-11.679780,-0.011722,-0.703684,0.010081,0.710345
196.555,1,-20.401090,19.615550,12.435540,0.015131,-0.721053,0.008962,-0.692657
196.555,2,-27.071100,16.247340,-3.884404,0.013138,-0.726768,0.004463,-0.686743
196.555,3,-15.603120,17.408220,-30.437990,0.000983,-0.110140,-0.015822,-0.993790
197.557,0,12.953340,18.133910,-16.019070,0.001399,-0.592039,0.020487,0.805648
197.557,1,-22.123170,18.544940,8.832981,0.015199,-0.722226,0.005922,-0.691465
197.557,2,-28.987500,17.590480,-8.035133,0.013786,-0.726861,0.004752,-0.686630
197.557,3,-19.920070,17.943770,-31.892680,0.004394,-0.196089,-0.013510,-0.980483
198.560,0,11.228190,18.425210,-20.173290,0.002760,-0.419317,0.018626,0.907645
198.560,1,-23.972700,17.770300,4.901880,0.014065,-0.722081,0.005306,-0.691645
198.560,2,-30.984400,18.678430,-12.219480,0.014313,-0.726942,0.004977,-0.686531
198.560,3,-24.333730,18.391710,-33.088040,0.006905,-0.258539,-0.012038,-0.965901
199.564,0,8.363814,18.536830,-23.773990,0.008186,-0.225758,0.019891,0.973946
199.564,1,-25.947920,17.464980,0.714442,0.013506,-0.721984,0.005094,-0.691760
199.564,2,-32.997240,19.212620,-16.542990,0.011710,-0.676131,0.012330,-0.736586
199.564,3,-28.802930,18.624650,-34.335250,0.009522,-0.311330,-0.010322,-0.950198
200.566,0,4.567239,18.560360,-26.034770,0.015099,-0.025156,0.019015,0.999389
200.566,1,-27.929740,17.566850,-3.477552,0.013406,-0.721965,0.005060,-0.691781
200.566,2,-34.478900,19.184980,-20.995730,0.012194,-0.608157,0.009282,-0.793669
200.566,3,-33.089390,18.634410,-35.785450,0.012914,-0.337739,-0.007195,-0.941124
201.569,0,0.126675,18.398440,-26.943100,-0.007506,-0.036201,0.013936,0.999219
201.569,1,-29.934710,17.876910,-7.712590,0.013522,-0.721985,0.005106,-0.691758
201.569,2,-35.595940,18.821120,-25.537230,0.012922,-0.556058,0.005418,-0.831025
201.569,3,-37.229290,18.508130,-37.589130,0.014346,-0.360284,-0.004975,-0.932719
202.572,0,-4.373732,18.260190,-28.111360,-0.007367,-0.036149,0.013059,0.999234
202.572,1,-31.952290,18.203380,-11.970470,0.013675,-0.722011,0.005165,-0.691728
202.572,2,-36.634550,18.379290,-30.048550,0.013636,-0.504677,0.001437,-0.863200
202.572,3,-41.174550,18.344900,-39.793930,0.014237,-0.382665,-0.003728,-0.923770
203.574,0,-8.797662,18.174630,-29.642440,-0.006947,-0.035878,0.013004,0.999247
203.574,1,-33.941410,18.420960,-16.257730,0.011429,-0.676540,0.011462,-0.736228
203.574,2,-37.827050,18.053400,-34.465660,0.013564,-0.468322,-0.000361,-0.883454
203.574,3,-44.855650,18.224250,-42.405480,0.014598,-0.382524,-0.001314,-0.923829
204.578,0,-13.177610,18.144220,-31.365940,0.000879,0.042243,0.015863,0.998981
204.578,1,-35.475980,18.490450,-20.729730,0.011615,-0.621288,0.009452,-0.783440
204.578,2,-39.342000,17.926740,-38.735830,0.013594,-0.447248,-0.004917,-0.894293
204.578,3,-48.149190,18.188670,-45.446610,0.013406,-0.381995,0.001242,-0.924066
206.080,0,-19.995930,18.172590,-33.121620,-0.002479,0.176782,0.013461,0.984155
206.080,1,-37.090600,18.388470,-27.584690,0.013067,-0.535632,0.004325,-0.844339
206.080,2,-42.443920,18.053570,-44.710170,0.012060,-0.407109,-0.007899,-0.913266
206.080,3,-51.878270,18.446840,-50.422310,-0.003451,-0.374910,0.009827,-0.927003
207.082,0,-24.551560,18.210120,-33.908920,-0.006924,0.259943,0.011323,0.965533
207.082,1,-38.116700,18.279510,-32.096580,0.013673,-0.488657,0.001399,-0.872368
207.082,2,-45.085240,18.242620,-48.266400,0.008592,-0.404048,-0.011310,-0.914628
207.082,3,-52.697570,18.983990,-52.876220,-0.016184,-0.371902,0.006980,-0.928105
208.085,0,-29.096580,18.247360,-34.807700,-0.009891,0.314705,0.009542,0.949090
208.085,1,-39.369630,18.201530,-36.587590,0.013751,-0.461896,-0.001351,-0.886827
208.085,2,-48.226980,18.491340,-51.205330,-0.001766,-0.408280,-0.011024,-0.912789
208.085,3,-52.259740,19.232150,-53.704090,-0.017690,-0.371791,0.002639,-0.928144
209.088,0,-33.421090,18.276140,-36.005070,-0.012386,0.340108,0.007335,0.940276
209.088,1,-40.951850,18.182880,-40.827130,0.013501,-0.440656,-0.005395,-0.897558
209.088,2,-50.763790,18.888090,-52.772370,-0.014364,-0.392578,0.011161,-0.919539
209.088,3,-51.762020,19.448590,-53.509720,0.014517,-0.360598,-0.011557,-0.932537
210.091,0,-37.580180,18.296100,-37.635420,-0.014522,0.362597,0.004630,0.931822
210.091,1,-42.972490,18.218120,-44.829690,0.012092,-0.418895,-0.007866,-0.907920
210.091,2,-51.499010,18.497850,-53.185090,-0.015218,-0.392546,0.009153,-0.919561
210.091,3,-52.706420,20.279660,-54.082940,0.012762,-0.360913,-0.007161,-0.932485
211.092,0,-41.524890,18.307230,-39.738060,-0.014622,0.384945,0.003089,0.922818
211.092,1,-45.496700,18.301140,-48.438340,0.008542,-0.409024,-0.011072,-0.912416
211.092,2,-50.922810,17.423200,-52.691840,-0.015925,-0.392517,0.007497,-0.919576
211.092,3,-54.412360,21.179240,-55.285060,0.006224,-0.361792,-0.007361,-0.932209
212.094,0,-45.172470,18.316390,-42.317420,-0.014851,0.384759,0.000661,0.922897
212.094,1,-48.222070,18.787930,-51.347470,-0.015126,-0.385588,0.009836,-0.922495
212.094,2,-49.637930,16.600300,-51.374430,0.009329,-0.384439,-0.010681,-0.923042
212.094,3,-55.953040,21.463460,-56.111060,-0.016259,-0.366527,0.006795,-0.930241
213.097,0,-48.396110,18.336580,-45.369360,-0.013404,0.384070,-0.002078,0.923204
213.097,1,-49.279400,20.278270,-52.929450,0.005830,-0.393083,0.005646,-0.919467
213.097,2,-49.404050,16.224650,-50.334940,-0.003756,-0.389147,-0.006621,-0.921144
213.097,3,-56.240390,20.686310,-55.802800,-0.015721,-0.366551,0.008082,-0.930230
214.099,0,-50.964790,19.072360,-48.207840,0.018408,0.384709,0.005926,0.922835
214.099,1,-49.684780,21.072280,-54.250770,-0.013552,-0.397661,-0.007433,-0.917402
214.099,2,-49.704010,15.971310,-49.508080,0.012351,-0.388918,0.007613,-0.921158
214.099,3,-55.426900,19.322660,-54.670500,-0.015561,-0.366558,0.008489,-0.930227
215.102,0,-52.883270,20.500230,-49.096410,0.007433,0.379021,0.005412,0.925343
215.102,1,-50.060000,20.771920,-54.304940,-0.016660,-0.401167,0.004808,-0.915841
215.102,2,-49.697540,15.983740,-49.785590,0.000755,-0.383045,0.008830,-0.923687
215.102,3,-53.727760,17.990710,-52.889600,-0.008249,-0.365624,0.000341,-0.930726
216.105,0,-54.298790,21.732330,-48.705400,0.016634,0.383278,-0.005750,0.923465
216.105,1,-49.401170,20.364450,-53.496860,-0.000457,-0.387965,0.017162,-0.921514
216.105,2,-48.974100,16.314550,-50.194710,-0.014394,-0.381328,0.011471,-0.924257
216.105,3,-52.319640,17.108630,-51.207070,0.013697,-0.362591,-0.013526,-0.931750
217.107,0,-54.408040,21.756330,-47.653630,-0.000347,0.389368,-0.017229,0.920921
217.107,1,-47.626060,20.388720,-53.339070,0.003095,-0.390931,-0.008618,-0.920374
217.107,2,-47.145600,16.547730,-49.858100,-0.012790,-0.381776,0.012015,-0.924088
217.107,3,-52.899230,17.615270,-50.660240,0.010838,-0.363590,-0.015777,-0.931362
218.108,0,-53.340320,20.832800,-47.117700,0.013812,0.386441,-0.000961,0.922210
218.108,1,-46.866180,20.292800,-53.242330,-0.002409,-0.392926,-0.017931,-0.919392
218.108,2,-45.140330,17.178310,-49.012950,0.010471,-0.368583,-0.019653,-0.929328
218.108,3,-54.272610,18.309740,-50.692730,0.009872,-0.370523,0.012633,-0.928685
219.109,0,-51.815090,20.120360,-45.888790,0.001861,0.389600,-0.009329,0.920935
219.109,1,-47.558680,19.601840,-52.556790,0.009259,-0.364883,-0.014647,-0.930892
219.109,2,-45.287630,18.209420,-48.384140,-0.002504,-0.377173,-0.012996,-0.926048
219.109,3,-54.779780,18.187350,-51.659270,-0.003208,-0.364132,0.013201,-0.931248
220.111,0,-50.063110,19.326950,-45.083230,-0.014352,0.398855,-0.000215,0.916902
220.111,1,-49.364730,19.003070,-52.312910,0.012949,-0.363589,-0.006256,-0.931448
220.111,2,-46.190280,18.606990,-47.326290,-0.007193,-0.384881,0.002900,-0.922934
220.111,3,-54.103480,18.170960,-52.585000,-0.014737,-0.359628,0.009120,-0.932935
